{
    "$schema": "https://schema.management.azure.com/schemas/2015-01-01/deploymentTemplate.json#",
    "contentVersion": "1.0.0.0",
    "parameters": {
      "VNetSettings": {
        "type": "object"
      },
      "CustomScriptURL": {
        "type": "string"
      },
      "commandToExecute": {
        "type": "string"
      },
      "adminUsername": {
        "type": "string",
        "metadata": {
          "description": "User name for the Virtual Machine."
        }
      },
      "authenticationType": {
        "type": "string",
        "defaultValue": "sshPublicKey",
        "allowedValues": [
          "sshPublicKey",
          "password"
        ],
        "metadata": {
          "description": "Type of authentication to use on the Virtual Machine. SSH key is recommended."
        }
      },
      "adminPasswordOrKey": {
        "type": "securestring",
        "metadata": {
          "description": "SSH Key or password for the Virtual Machine. SSH key is recommended."
        }
      },
      "dnsLabelPrefix": {
        "type": "string",
        "metadata": {
          "description": "Unique DNS Name for the Public IP used to access the Virtual Machine."
        }
      },
      "ubuntuOSVersion": {
        "type": "string",
        "defaultValue": "16.04.0-LTS",
        "allowedValues": [
          "12.04.5-LTS",
          "14.04.5-LTS",
          "16.04.0-LTS",
          "18.04-LTS"
        ],
        "metadata": {
          "description": "The Ubuntu version for the VM. This will pick a fully patched image of this given Ubuntu version."
        }
      },
      "location": {
        "type": "string",
        "defaultValue": "[resourceGroup().location]",
        "metadata": {
          "description": "Location for all resources."
        }
      }
    },
    "variables": {
      "storageAccountName": "[concat(uniquestring(resourceGroup().id), 'salinuxvm')]",
      "imagePublisher": "Canonical",
      "imageOffer": "UbuntuServer",
      "nicName": "[concat(variables('vmName'), 'myVMNic')]",
      "subnetName": "[parameters('VNetSettings').subnets[0].name]",
      "storageAccountType": "Standard_LRS",
      "publicIPAddressName": "[concat(variables('vmName'), 'myPublicIP')]",
      "publicIPAddressType": "Dynamic",
      "vmName": "[concat(resourceGroup().Name,'MyUbuntuVM')]",
      "vmSize": "Standard_A1",
      "virtualNetworkName": "[parameters('VNetSettings').vnetName]",
      "linuxConfiguration": {
        "disablePasswordAuthentication": true,
        "ssh": {
          "publicKeys": [
            {
              "path": "[concat('/home/', parameters('adminUsername'), '/.ssh/authorized_keys')]",
              "keyData": "[parameters('adminPasswordOrKey')]"
            }
          ]
        }
      },
      "subnetRef": "[resourceId('Microsoft.Network/virtualNetworks/subnets', variables('virtualNetworkName'), variables('subnetName'))]"
    },
    "resources": [
      {
        "type": "Microsoft.Storage/storageAccounts",
        "apiVersion": "2018-11-01",
        "name": "[variables('storageAccountName')]",
        "location": "[parameters('location')]",
        "sku": {
          "name": "[variables('storageAccountType')]"
        },
        "kind": "Storage",
        "properties": {}
      },
      {
        "type": "Microsoft.Network/publicIPAddresses",
        "apiVersion": "2018-11-01",
        "name": "[variables('publicIPAddressName')]",
        "location": "[parameters('location')]",
        "properties": {
          "publicIPAllocationMethod": "[variables('publicIPAddressType')]",
          "dnsSettings": {
            "domainNameLabel": "[parameters('dnsLabelPrefix')]"
          }
        }
      },
      {
        "type": "Microsoft.Network/networkInterfaces",
        "apiVersion": "2018-11-01",
        "name": "[variables('nicName')]",
        "location": "[parameters('location')]",
        "dependsOn": [
          "[resourceId('Microsoft.Network/publicIPAddresses/', variables('publicIPAddressName'))]",
        ],
        "properties": {
          "ipConfigurations": [
            {
              "name": "ipconfig1",
              "properties": {
                "privateIPAllocationMethod": "Dynamic",
                "publicIPAddress": {
                  "id": "[resourceId('Microsoft.Network/publicIPAddresses',variables('publicIPAddressName'))]"
                },
                "subnet": {
                  "id": "[variables('subnetRef')]"
                }
              }
            }
          ]
        }
      },
      {
        "type": "Microsoft.Compute/virtualMachines",
        "apiVersion": "2018-10-01",
        "name": "[variables('vmName')]",
        "location": "[parameters('location')]",
        "dependsOn": [
          "[resourceId('Microsoft.Storage/storageAccounts/', variables('storageAccountName'))]",
          "[resourceId('Microsoft.Network/networkInterfaces/', variables('nicName'))]"
        ],
        "properties": {
          "hardwareProfile": {
            "vmSize": "[variables('vmSize')]"
          },
          "osProfile": {
            "computerName": "[variables('vmName')]",
            "adminUsername": "[parameters('adminUsername')]",
            "adminPassword": "[parameters('adminPasswordOrKey')]",
            "linuxConfiguration": "[if(equals(parameters('authenticationType'), 'password'), json('null'), variables('linuxConfiguration'))]"
          },
          "storageProfile": {
            "imageReference": {
              "publisher": "[variables('imagePublisher')]",
              "offer": "[variables('imageOffer')]",
              "sku": "[parameters('ubuntuOSVersion')]",
              "version": "latest"
            },
            "osDisk": {
              "createOption": "FromImage"
            },
            "dataDisks": [
              {
                "diskSizeGB": 1023,
                "lun": 0,
                "createOption": "Empty"
              }
            ]
          },
          "networkProfile": {
            "networkInterfaces": [
              {
                "id": "[resourceId('Microsoft.Network/networkInterfaces',variables('nicName'))]"
              }
            ]
          },
          "diagnosticsProfile": {
            "bootDiagnostics": {
              "enabled": true,
              "storageUri": "[concat(reference(concat('Microsoft.Storage/storageAccounts/', variables('storageAccountName')), '2016-01-01').primaryEndpoints.blob)]"
            }
          }
        }
      },
      {
        "name": "[concat(variables('vmName'),'/installcustomscript')]",
        "type": "Microsoft.Compute/virtualMachines/extensions",
        "location": "[resourceGroup().location]",
        "apiVersion": "2015-06-15",
        "dependsOn": [
          "[concat('Microsoft.Compute/virtualMachines/', concat(variables('vmName')))]"
        ],
        "properties": {
          "publisher": "Microsoft.Azure.Extensions",
          "type": "CustomScript",
          "typeHandlerVersion": "2.0",
          "autoUpgradeMinorVersion": true,
          "settings": {
            "fileUris": ["[parameters('CustomScriptURL')]"],
            "commandToExecute": "[parameters('commandToExecute')]"
          }
        }
      }
    ],
    "outputs": {
      "hostname": {
        "type": "string",
        "value": "[reference(variables('publicIPAddressName')).dnsSettings.fqdn]"
      },
      "sshCommand": {
        "type": "string",
        "value": "[concat('ssh ', parameters('adminUsername'), '@', reference(variables('publicIPAddressName')).dnsSettings.fqdn)]"
      }
    }
  }