{
  "$schema": "https://schema.management.azure.com/schemas/2015-01-01/deploymentTemplate.json#",
  "contentVersion": "1.0.0.0",
  "parameters": {
    "SAName": {
      "type": "string"
    },
    "SASToken": {
      "type": "string"
    },
    "VMpassword": {
      "type": "securestring"
    },
    "CurrentDateTimeInTicks": {
      "type": "string",
      "minLength": 18,
      "maxLength": 18,
      "metadata": {
        "description": "the current datetime in ticks. this is used to generate a unique string for every deployment"
      }
    },
    "tenantid": {
      "type": "string"
    },
    "appid": {
      "type": "string"
    }
  },
  "variables": {
    "templateBaseUrl": "[concat('https://',parameters('SAName'),'.blob.core.windows.net/',resourceGroup().name,'/')]",
    "keyVault-settings": {
      "name": "[concat(resourceGroup().name,'vault')]",
      "vm01": {
        "secret": "[parameters('VMpassword')]",
        "secretName": "vm01password"
      },
      "kvids" : "[concat('/subscriptions/', subscription().subscriptionId, '/resourceGroups/', resourceGroup().name, '/providers/Microsoft.KeyVault/vaults/', concat(resourceGroup().name,'vault'))]"
    }

  },
  "resources": [
    {
      "type": "Microsoft.Resources/deployments",
      "apiVersion": "2018-05-01",
      "name": "vmnet",
      "properties": {
        "mode": "Incremental",
        "templateLink": {
          "uri": "[concat(variables('templateBaseUrl'),'VMnet.json', parameters('SASToken'))]",
          "contentVersion":"1.0.0.0"
        },
        "parametersLink": {
            "uri":"[concat(variables('templateBaseUrl'),'Parameters.json', parameters('SASToken'))]",
            "contentVersion":"1.0.0.0"
        }
      }
    },
    {
      "type": "Microsoft.Resources/deployments",
      "apiVersion": "2018-05-01",
      "name": "sa",
      "properties": {
        "mode": "Incremental",
        "templateLink": {
          "uri": "[concat(variables('templateBaseUrl'), 'SA.json', parameters('SASToken'))]",
          "contentVersion": "1.0.0.0"
        }
      }
    },
    {
      "type": "Microsoft.Resources/deployments",
      "apiVersion": "2018-05-01",
      "name": "kv",
      "properties": {
        "mode": "Incremental",
        "templateLink": {
          "uri": "[concat(variables('templateBaseUrl'), 'KVault.json', parameters('SASToken'))]",
          "contentVersion": "1.0.0.0"
        },
        "parameters": {
          "keyVaultName": {"value": "[variables('keyVault-settings').name]"},
          "objectId": {"value": "8daada0b-d2d0-4d03-b957-764919e5178a"},
          "keysPermissions": {"value": ["all"]},
          "secretsPermissions": {"value": ["all"]},
          "secretName": {"value": "[variables('keyVault-settings').vm01.secretName]"},
          "secretValue": {"value": "[variables('keyVault-settings').vm01.secret]"}
        }
      }
    },
    {
      "type": "Microsoft.Resources/deployments",
      "apiVersion": "2018-05-01",
      "name": "VM01",
      "properties": {
        "mode": "Incremental",
        "templateLink": {
          "uri": "[concat(variables('templateBaseUrl'), 'Vmachine.json', parameters('SASToken'))]",
          "contentVersion": "1.0.0.1"
        },
        "parameters": {
          "VNetSettings" : { "value": "[reference('vmnet').outputs.VMNetOutput.value]" },
          "adminUsername" : {"value": "[concat('admin-', resourceGroup().Name)]"},
          "adminPassword": { 
            "reference": {
                            "keyVault": {
                                "id": "[reference('kv').outputs.KVUri.value]"
                            },
                            "secretName": "[variables('keyVault-settings').vm01.secretName]"
                        }
          },
          "dnsLabelPrefix": {"value": "win03"},
          "accountName": {"value": "[concat(resourcegroup().name,'autoaccount')]"},
          "RegistrationUrl": {"value": "[reference('autoacc').Outputs.RegistrationUrl.value]"}
        }
      },
      "dependsOn": [
        "kv",
        "vmnet",
        "autoacc"
      ]
    },
    {
      "type": "Microsoft.Resources/deployments",
      "apiVersion": "2018-05-01",
      "name": "VM03",
      "properties": {
        "mode": "Incremental",
        "templateLink": {
          "uri": "[concat(variables('templateBaseUrl'), 'Vmachine.json', parameters('SASToken'))]",
          "contentVersion": "1.0.0.1"
        },
        "parameters": {
          "VNetSettings" : { "value": "[reference('vmnet').outputs.VMNetOutput.value]" },
          "adminUsername" : {"value": "[concat('admin-', resourceGroup().Name)]"},
          "adminPassword": { 
            "reference": {
                            "keyVault": {
                                "id": "[reference('kv').outputs.KVUri.value]"
                            },
                            "secretName": "[variables('keyVault-settings').vm01.secretName]"
                        }
          },
          "dnsLabelPrefix": {"value": "win03"},
          "accountName": {"value": "[concat(resourcegroup().name,'autoaccount')]"},
          "RegistrationUrl": {"value": "[reference('autoacc').Outputs.RegistrationUrl.value]"}
        }
      },
      "dependsOn": [
        "kv",
        "vmnet",
        "autoacc"
      ]
    },
    {
      "type": "Microsoft.Resources/deployments",
      "apiVersion": "2018-05-01",
      "name": "autoacc",
      "properties": {
        "mode": "Incremental",
        "templateLink": {
          "uri": "[concat(variables('templateBaseUrl'), 'Autoacc.json', parameters('SASToken'))]",
          "contentVersion": "1.0.0.0"
        },
        "parameters": {
          "accountName": {"value": "[concat(resourcegroup().name,'autoaccount')]"},
          "password": { 
            "reference": {
                            "keyVault": {
                                "id": "[reference('kv').outputs.KVUri.value]"
                            },
                            "secretName": "[variables('keyVault-settings').vm01.secretName]"
                        }
          },
          "CurrentDateTimeInTicks": {"value": "[parameters('CurrentDateTimeInTicks')]"},
          "scriptUri": {"value": "[concat(variables('templateBaseUrl'), 'Runbook.ps1', parameters('SASToken'))]"},
          "tenantid": {"value": "[parameters('tenantid')]"},
          "userName": {"value": "[parameters('appid')]"},
          "token": {"value": "[parameters('SASToken')]"},
          "sauri": {"value": "[variables('templateBaseUrl')]"}
        }
      }
    }
  ],
  "outputs": {
    "SAname" : {
      "type" : "string",
      "value": "[reference('sa').outputs.storageAccountName.value]"
    },
    "KVUri" : {
      "type" : "string",
      "value": "[reference('kv').outputs.KVUri.value]"
    }
  }
}
