{
    "$schema": "https://schema.management.azure.com/schemas/2015-01-01/deploymentTemplate.json#",
    "contentVersion": "1.0.0.0",
    "parameters": {
        "accountName": {
            "type": "string",
            "metadata": {
                "description": "The name of the Azure Automation account to deploy to."
            }
        },
        "credentialName": {
            "type": "string",
            "defaultValue": "DefaultAzureCredential",
            "metadata": {
                "description": "DefaultAzureCredential is the name of the Automation credential used in this runbook. This credential allows you to authenticate to Azure. "
            }
        },
        "userName": {
            "type": "string",
            "metadata": {
                "description": "The username for the Azure Automation credential."
            }
        },
        "password": {
            "type": "securestring",
            "metadata": {
                "description": "The password for the Azure Automation credential."
            }
        },
        "jobId": {
            "type": "string",
            "metadata": {
                "description": "The GUID for the runbook job to be started."
            }
        },
        "scriptUri": {
            "type": "string"
        },
        "tenantid": {
          "type": "string"
        }
    },
    "variables": {
        "runbookName": "Shutdown-ARM-VMs-Parallel",
        "scriptUri": "[parameters('scriptUri')]",
        "runbookDescription": "Authenticates to Azure and lists all the Azure V1 VMs",
        "sku": "Free"
    },
    "resources": [
      {
        "name": "[parameters('accountName')]",
        "type": "Microsoft.Automation/automationAccounts",
        "apiVersion": "2015-10-31",
        "location": "[resourceGroup().location]",
        "dependsOn": [ ],
        "tags": { },
        "properties": {
          "sku": {
            "name": "[variables('sku')]"
          }
        },
        "resources": [
          {
            "name": "[variables('runbookName')]",
            "type": "runbooks",
            "apiVersion": "2018-06-30",
            "location": "[resourceGroup().location]",
            "dependsOn": [
              "[concat('Microsoft.Automation/automationAccounts/', parameters('accountName'))]"
            ],
            "tags": { },
            "properties": {
              "runbookType": "Script",
              "logProgress": false,
              "logVerbose": false,
              "description": "[variables('runbookDescription')]",
              "publishContentLink": {
                "uri": "[variables('scriptUri')]",
                "version": "1.0.0.0"
              }
            }
          },
          {
            "name": "[parameters('credentialName')]",
            "type": "credentials",
            "apiVersion": "2015-01-01-preview",
            "location": "[resourceGroup().location]",
            "dependsOn": [
              "[concat('Microsoft.Automation/automationAccounts/', parameters('accountName'))]"
            ],
            "tags": { },
            "properties": {
              "userName": "[parameters('userName')]",
              "password": "[parameters('password')]"
            }
          },
          {
            "name": "[parameters('jobId')]",
            "type": "jobs",
            "apiVersion": "2017-05-15-preview",
            "location": "[resourceGroup().location]",
            "dependsOn": [
              "[concat('Microsoft.Automation/automationAccounts/', parameters('accountName'))]",
              "[concat('Microsoft.Automation/automationAccounts/', parameters('accountName'), '/runbooks/',variables('runbookName'))]",
              "[concat('Microsoft.Automation/automationAccounts/', parameters('accountName'), '/variables/SubscriptionId')]",
              "[concat('Microsoft.Automation/automationAccounts/', parameters('accountName'), '/variables/TenantID')]",
              "[concat('Microsoft.Automation/automationAccounts/', parameters('accountName'), '/variables/CredentialName')]"
            ],
            "tags": {
              "key": "value"
            },
            "properties": {
              "runbook": {
                "name": "[variables('runbookName')]"
              }
            }
          },
          {
            "name": "SubscriptionId",
            "type": "variables",
            "apiVersion": "2015-10-31",
            "properties": {
              "value": "[concat('\"', subscription().subscriptionId, '\"')]"
            },
            "dependsOn": [
              "[concat('Microsoft.Automation/automationAccounts/', parameters('accountName'))]",
              "[concat('Microsoft.Automation/automationAccounts/', parameters('accountName'), '/runbooks/',variables('runbookName'))]"
            ]
          },
          {
            "name": "TenantID",
            "type": "variables",
            "apiVersion": "2015-10-31",
            "properties": {
              "value": "[concat('\"', parameters('tenantid'), '\"')]"
            },
            "dependsOn": [
              "[concat('Microsoft.Automation/automationAccounts/', parameters('accountName'))]",
              "[concat('Microsoft.Automation/automationAccounts/', parameters('accountName'), '/runbooks/',variables('runbookName'))]"
            ]
          },
          {
            "name": "CredentialName",
            "type": "variables",
            "apiVersion": "2015-10-31",
            "properties": {
              "value": "[concat('\"', parameters('credentialName'), '\"')]"
            },
            "dependsOn": [
              "[concat('Microsoft.Automation/automationAccounts/', parameters('accountName'))]",
              "[concat('Microsoft.Automation/automationAccounts/', parameters('accountName'), '/runbooks/',variables('runbookName'))]"
            ]
          }
        ]
      }
    ],
    "outputs": {}
}