{
    "$schema": "https://schema.management.azure.com/schemas/2015-01-01/deploymentTemplate.json",
    "contentVersion": "1.0.0.0",
    "parameters": {
      "uniqueDnsName": {
        "type": "string",
        "metadata": {
          "description": "Relative DNS name for the traffic manager profile, resulting FQDN will be <uniqueDnsName>.trafficmanager.net, must be globally unique."
        }
      },
      "uniqueDnsNameForWebApp": {
        "type": "string",
        "metadata": {
          "description": "Relative DNS name for the WebApps, must be globally unique.  An index will be appended for each Web App."
        }
      },
      "SAName": {
        "type": "string"
      },
      "SASToken": {
        "type": "string"
      },
      "RGName": {
        "type": "string"
      },
      "anotherlocation": {
          "type": "string",
          "defaultValue": "easteurope"
      }
    },
  
    "variables": {
        "webAppLocations": [ "[resourceGroup().location]", "[parameters('anotherlocation')]" ],
        "templateBaseUrl": "[concat('https://',parameters('SAName'),'.blob.core.windows.net/',parameters('RGName'),'/')]"
    },
  
    "resources": [
        {
            "type": "Microsoft.Resources/deployments",
            "apiVersion": "2018-05-01",
            "name": "wapp",
            "properties": {
                "mode": "Incremental",
                "templateLink": {
                "uri": "[concat(variables('templateBaseUrl'), 'appservice.json', parameters('SASToken'))]",
                "contentVersion": "1.0.0.0"
                },
                "parameters": {
                    "uniqueDnsNameForWebApp" : {"value": "[parameters('uniqueDnsNameForWebApp')]"},
                    "uniqueDnsName" : {"value": "[parameters('uniqueDnsName')]"},
                    "webAppLocations": {"value": "[variables('webAppLocations')]"}
                }
            }
        },
        
        {
            "type": "Microsoft.Resources/deployments",
            "apiVersion": "2018-05-01",
            "name": "tmanager",
            "properties": {
                "mode": "Incremental",
                "templateLink": {
                "uri": "[concat(variables('templateBaseUrl'), 'trafficmanager.json', parameters('SASToken'))]",
                "contentVersion": "1.0.0.0"
                },
                "parameters": {
                    "TMPreffix": {"value": "[parameters('RGName')]"},
                    "TRMethod": {"value": "Performance"},
                    "uniqueDnsNameForWebApp" : {"value": "[reference('wapp').outputs.uniqueDnsNameForWebApp.value]"},
                    "uniqueDnsName" : {"value": "[reference('wapp').outputs.uniqueDnsName.value]"},
                    "webAppLocations": {"value": "[variables('webAppLocations')]"}
                }
            }
        }
    ],
    "outputs": {
      "trafficManagerFqdn" : {
        "type" : "string",
        "value": "[reference('tmanager').outputs.trafficManagerFqdn.value]"
      },
      "trafficManagerEndpoints" : {
        "type" : "object",
        "value": "[reference('tmanager').outputs.trafficManagerEndpoints]"
      }
    }
  }