{
  "$schema": "https://schema.management.azure.com/schemas/2015-01-01/deploymentTemplate.json#",
  "contentVersion": "1.0.0.0",
  "parameters": {
    "VNetSettings": {
      "type": "object"
    }
  },
  "variables": {
    
  },
  "resources": [
    {
      "apiVersion": "2018-10-01",
      "type": "Microsoft.Network/virtualNetworks",
      "name": "[parameters('VNetSettings').vnetName]",
      "location": "[parameters('VNetSettings').location]",
      "properties": {
        "addressSpace": {
          "addressPrefixes": [
            "[parameters('VNetSettings').addressPrefixes[0].addressPrefix]"
          ]
        }
      },
      "resources": [
        {
          "apiVersion": "2018-10-01",
          "type": "subnets",
          "location": "[parameters('VNetSettings').location]",
          "name": "[parameters('VNetSettings').subnets[0].name]",
          "dependsOn": [
            "[resourceId('Microsoft.Network/virtualNetworks', parameters('VNetSettings').vnetName)]"
          ],
          "properties": {
            "addressPrefix": "[parameters('VNetSettings').subnets[0].addressPrefix]"
          }
        },
        {
          "apiVersion": "2018-10-01",
          "type": "subnets",
          "location": "[parameters('VNetSettings').location]",
          "name": "[parameters('VNetSettings').subnets[1].name]",
          "dependsOn": [
            "[concat(resourceId('Microsoft.Network/virtualNetworks', parameters('VNetSettings').vnetName), '/subnets/', parameters('VNetSettings').subnets[0].name)]",
            "[resourceId('Microsoft.Network/virtualNetworks', parameters('VNetSettings').vnetName)]"
          ],
          "properties": {
            "addressPrefix": "[parameters('VNetSettings').subnets[1].addressPrefix]"
          }
        }
      ]
    }
  ],
  "outputs": {
    "VMNetOutput": {
      "type": "string",
      "value": "[resourceId('Microsoft.Network/virtualNetworks', parameters('VNetSettings').vnetName)]"
    }
  }
}