{
    "$schema": "https://schema.management.azure.com/schemas/2015-01-01/deploymentTemplate.json#",
    "contentVersion": "1.0.0.0",
    "parameters": {
        "SecConfig": {
            "type": "object"
        },
        "secretsValue": {
            "type": "securestring"
        }
    },
    "variables": {
        "KeyVaultName": "[concat(resourceGroup().name, uniqueString(resourceGroup().id))]"
    },
    "resources": [
        {
            "type": "Microsoft.KeyVault/vaults",
            "apiVersion": "2015-06-01",
            "name": "[variables('KeyVaultName')]",
            "location": "[resourceGroup().location]",
            "properties": {
                "enabledForDeployment": true,
                "enabledForTemplateDeployment": true,
                "enabledForDiskEncryption": true,
                "tenantId": "[subscription().tenantId]",
                "accessPolicies": [
                    {
                        "objectId": "[parameters('SecConfig').OwnerId]",
                        "tenantId": "[subscription().tenantId]",
                        "permissions": {
                            "keys": [
                                "all"
                            ],
                            "secrets": [
                                "all"
                            ],
                            "certificates": [
                                "all"
                            ]
                        }
                    },
                    {
                        "objectId": "[parameters('SecConfig').ContributorId]",
                        "tenantId": "[subscription().tenantId]",
                        "permissions": {
                            "keys": [
                                "all"
                            ],
                            "secrets": [
                                "all"
                            ],
                            "certificates": [
                                "all"
                            ]
                        }
                    }
                ],
                "sku": {
                    "name": "standard",
                    "family": "A"
                }
            }
        },
        {
            "type": "Microsoft.KeyVault/vaults/secrets",
            "name": "[concat(variables('KeyVaultName'), '/', parameters('SecConfig').secretName)]",
            "apiVersion": "2015-06-01",
            "properties": {
                "value": "[parameters('secretsValue')]"
            },
            "dependsOn": [
                "[concat('Microsoft.KeyVault/vaults/', variables('keyVaultName'))]"
            ]
        }
    ]
}