{
    "$schema": "https://schema.management.azure.com/schemas/2015-01-01/deploymentTemplate.json#",
    "contentVersion": "1.0.0.0",
    "parameters": {
        "NetConfig": {
            "type": "object"
        }
    },
    "variables": {
        "VnetName": "[concat(resourceGroup().name, 'Vnet')]",
        "SubnetName": "[concat(variables('VnetName'), 'Subnet')]",
        "publicIpAddressName": "[concat(resourceGroup().name, 'PublicIP')]",
        "nicName": "[concat(resourceGroup().name, 'NIC')]",
        "subnetRef": "[resourceId('Microsoft.Network/virtualNetworks/subnets', variables('VnetName'), variables('SubnetName'))]"
    },
    "resources": [
        {
            "apiVersion": "2018-08-01",
            "name": "[variables('VnetName')]",
            "type": "Microsoft.Network/virtualNetworks",
            "location": "[resourceGroup().location]",
            "properties": {
                "addressSpace": {
                    "addressPrefixes": [
                        "[parameters('NetConfig').AdressPrefix]"
                    ]
                },
                "subnets": [
                    {
                        "name": "[variables('SubnetName')]",
                        "properties": {
                            "addressPrefix": "[parameters('NetConfig').SubnetAdressPrefix]"
                        }
                    }
                ],
                "enableDdosProtection": "[parameters('NetConfig').VnetDdosProtection]"
            }
        },
        {
            "name": "[variables('publicIpAddressName')]",
            "type": "Microsoft.Network/publicIpAddresses",
            "apiVersion": "2018-08-01",
            "location": "[resourceGroup().location]",
            "properties": {
                "publicIpAllocationMethod": "[parameters('NetConfig').publicIpAddressType]"
            },
            "sku": {
                "name": "[parameters('NetConfig').publicIpAddressSku]"
            }
        },
        {
            "apiVersion": "2015-06-15",
            "type": "Microsoft.Network/networkInterfaces",
            "name": "[variables('nicName')]",
            "location": "[resourceGroup().location]",
            "dependsOn": [
                "[resourceId('Microsoft.Network/virtualNetworks/', variables('VnetName'))]",
                "[resourceId('Microsoft.Network/publicIPAddresses/', variables('publicIpAddressName'))]"
            ],
            "properties": {
                "ipConfigurations": [
                    {
                        "name": "ipconfig1",
                        "properties": {
                            "publicIPAddress": {
                                "id": "[resourceId ('Microsoft.Network/publicIPAddresses/', variables('publicIPAddressName'))]"
                            },
                            "privateIPAllocationMethod": "Dynamic",
                            "subnet": {
                                "id": "[variables('subnetRef')]"
                            }
                        }
                    }
                ]
            }
        }
    ],
    "outputs": {
        "nicName": {
            "type": "string",
            "value": "[variables('nicName')]"
        }
    }
}