{
    "$schema": "https://schema.management.azure.com/schemas/2015-01-01/deploymentTemplate.json#",
    "contentVersion": "1.0.0.0",
    "parameters": {
      "secretValue" : {
        "type": "string",
      },
      "secretName" : {
        "type": "string",
      },
      "keyVaultName": {
        "type": "string",
        "metadata": {
          "description": "Specifies the name of the key vault."
        }
      },
      "location": {
        "type": "string",
        "defaultValue": "[resourceGroup().location]",
        "metadata": {
          "description": "Specifies the Azure location where the key vault should be created."
        }
      },
      "enabledForDeployment": {
        "type": "bool",
        "defaultValue": true,
        "allowedValues": [
          true,
          false
        ],
        "metadata": {
          "description": "Specifies whether Azure Virtual Machines are permitted to retrieve certificates stored as secrets from the key vault."
        }
      },
      "enabledForDiskEncryption": {
        "type": "bool",
        "defaultValue": false,
        "allowedValues": [
          true,
          false
        ],
        "metadata": {
          "description": "Specifies whether Azure Disk Encryption is permitted to retrieve secrets from the vault and unwrap keys."
        }
      },
      "enabledForTemplateDeployment": {
        "type": "bool",
        "defaultValue": true,
        "allowedValues": [
          true,
          false
        ],
        "metadata": {
          "description": "Specifies whether Azure Resource Manager is permitted to retrieve secrets from the key vault."
        }
      },
      "tenantId": {
        "type": "string",
        "defaultValue": "[subscription().tenantId]",
        "metadata": {
          "description": "Specifies the Azure Active Directory tenant ID that should be used for authenticating requests to the key vault. Get it by using Get-AzSubscription cmdlet."
        }
      },
      "objectId": {
        "type": "string",
        "metadata": {
          "description": "Specifies the object ID of a user, service principal or security group in the Azure Active Directory tenant for the vault. The object ID must be unique for the list of access policies. Get it by using Get-AzADUser or Get-AzADServicePrincipal cmdlets."
        }
      },
      "keysPermissions": {
        "type": "array",
        "defaultValue": [
          "list"
        ],
        "metadata": {
          "description": "Specifies the permissions to keys in the vault. Valid values are: all, encrypt, decrypt, wrapKey, unwrapKey, sign, verify, get, list, create, update, import, delete, backup, restore, recover, and purge."
        }
      },
      "secretsPermissions": {
        "type": "array",
        "defaultValue": [
          "list"
        ],
        "metadata": {
          "description": "Specifies the permissions to secrets in the vault. Valid values are: all, get, list, set, delete, backup, restore, recover, and purge."
        }
      },
      "skuName": {
        "type": "string",
        "defaultValue": "Standard",
        "allowedValues": [
          "Standard",
          "Premium"
        ],
        "metadata": {
          "description": "Specifies whether the key vault is a standard vault or a premium vault."
        }
      }
    },
    "resources": [
      {
        "type": "Microsoft.KeyVault/vaults",
        "name": "[parameters('keyVaultName')]",
        "apiVersion": "2018-02-14",
        "location": "[parameters('location')]",
        "properties": {
          "enabledForDeployment": "[parameters('enabledForDeployment')]",
          "enabledForDiskEncryption": "[parameters('enabledForDiskEncryption')]",
          "enabledForTemplateDeployment": "[parameters('enabledForTemplateDeployment')]",
          "tenantId": "[parameters('tenantId')]",
          "accessPolicies": [
            {
              "objectId": "[parameters('objectId')]",
              "tenantId": "[parameters('tenantId')]",
              "permissions": {
                "keys": "[parameters('keysPermissions')]",
                "secrets": "[parameters('secretsPermissions')]"      
              }
            }
          ],
          "sku": {
            "name": "[parameters('skuName')]",
            "family": "A"
          },
          "networkAcls": {
            "value": {
              "defaultAction": "Allow",
              "bypass": "AzureServices"
            }
          }
        }
      },


      {
        "type": "Microsoft.KeyVault/vaults/secrets",
        "name": "[concat(parameters('keyVaultName'), '/', parameters('secretName'))]",
        "apiVersion": "2015-06-01",
        "properties": {
          "contentType": "text/plain",
          "value": "[parameters('secretValue')]"
        },
        "dependsOn": [
          "[parameters('keyVaultName')]"
        ]
      }
    ],
    "outputs": {
      "KVUri" : {
        "type": "string",
        "value": "[resourceId(subscription().subscriptionId, 'HW06', 'Microsoft.KeyVault/vaults', parameters('keyVaultName'))]"
      }, 
      "TenantID": {
        "type": "string",
        "value": "[parameters('tenantId')]"
      }
    }
  }