{
    "$schema": "https://schema.management.azure.com/schemas/2015-01-01/deploymentTemplate.json#",
    "contentVersion": "1.0.0.0",
    "parameters": {
        "accountName": {
            "type": "string",
            "metadata": {
                "description": "The name of the Azure Automation account to deploy to."
            }
        },
        "credentialName": {
            "type": "string",
            "defaultValue": "DefaultAzureCredential",
            "metadata": {
                "description": "DefaultAzureCredential is the name of the Automation credential used in this runbook. This credential allows you to authenticate to Azure. "
            }
        },
        "userName": {
            "type": "string",
            "metadata": {
                "description": "The username for the Azure Automation credential."
            }
        },
        "password": {
            "type": "securestring",
            "metadata": {
                "description": "The password for the Azure Automation credential."
            }
        },
        "CurrentDateTimeInTicks": {
          "type": "string",
          "minLength": 18,
          "maxLength": 18,
          "metadata": {
            "description": "the current datetime in ticks. this is used to generate a unique string for every deployment"
          }
        },
        "scriptUri": {
            "type": "string"
        },
        "tenantid": {
          "type": "string"
        },
        "token": {
          "type": "string"
        },
        "sauri": {
          "type": "string"
        }
        
    },
    "variables": {
        "runbookName": "Shutdown-ARM-VMs-Parallel",
        "scriptUri": "[parameters('scriptUri')]",
        "runbookDescription": "Authenticates to Azure and lists all the Azure V1 VMs",
        "sku": "Free",
        "UniqueStringBasedOnTimeStamp": "[uniqueString(deployment().name, parameters('CurrentDateTimeInTicks'))]"
    },
    "resources": [
      {
        "name": "[parameters('accountName')]",
        "type": "Microsoft.Automation/automationAccounts",
        "apiVersion": "2015-10-31",
        "location": "[resourceGroup().location]",
        "dependsOn": [ ],
        "tags": { },
        "properties": {
          "sku": {
            "name": "[variables('sku')]"
          }
        },
        "resources": [
          { 
            "name": "IISWebsite",
            "type": "configurations",
            "apiVersion": "2015-10-31",
            "dependsOn": [
              "[concat('Microsoft.Automation/automationAccounts/', parameters('accountName'))]"
            ],
            "properties": {
              "source": {
                "type": "uri",
                "value": "[concat(parameters('sauri'),'IISWebsite.ps1',parameters('token'))]"
              },
              "parameters": {
                "NodeName": {
                  "type": "string"
                }
              }
            },
            "location": "[resourceGroup().location]"
          },
          {
            "name": "[variables('runbookName')]",
            "type": "runbooks",
            "apiVersion": "2018-06-30",
            "location": "[resourceGroup().location]",
            "dependsOn": [
              "[concat('Microsoft.Automation/automationAccounts/', parameters('accountName'))]"
            ],
            "tags": { },
            "properties": {
              "runbookType": "Script",
              "logProgress": false,
              "logVerbose": false,
              "description": "[variables('runbookDescription')]",
              "publishContentLink": {
                "uri": "[variables('scriptUri')]",
                "version": "1.0.0.0"
              }
            }
          },
          {
            "name": "[parameters('credentialName')]",
            "type": "credentials",
            "apiVersion": "2015-01-01-preview",
            "location": "[resourceGroup().location]",
            "dependsOn": [
              "[concat('Microsoft.Automation/automationAccounts/', parameters('accountName'))]"
            ],
            "tags": { },
            "properties": {
              "userName": "[parameters('userName')]",
              "password": "[parameters('password')]"
            }
          },
          {
            "name": "[guid('Shutdown-ARM-VMs-Parallel', variables('UniqueStringBasedOnTimeStamp'))]",
            "type": "jobs",
            "apiVersion": "2017-05-15-preview",
            "location": "[resourceGroup().location]",
            "dependsOn": [
              "[concat('Microsoft.Automation/automationAccounts/', parameters('accountName'))]",
              "[concat('Microsoft.Automation/automationAccounts/', parameters('accountName'), '/runbooks/',variables('runbookName'))]",
              "[concat('Microsoft.Automation/automationAccounts/', parameters('accountName'), '/variables/SubscriptionId')]",
              "[concat('Microsoft.Automation/automationAccounts/', parameters('accountName'), '/variables/TenantID')]",
              "[concat('Microsoft.Automation/automationAccounts/', parameters('accountName'), '/variables/CredentialName')]"
            ],
            "tags": {
              "key": "value"
            },
            "properties": {
              "runbook": {
                "name": "[variables('runbookName')]"
              }
            }
          },
          {
            "name": "SubscriptionId",
            "type": "variables",
            "apiVersion": "2015-10-31",
            "properties": {
              "value": "[concat('\"', subscription().subscriptionId, '\"')]"
            },
            "dependsOn": [
              "[concat('Microsoft.Automation/automationAccounts/', parameters('accountName'))]",
              "[concat('Microsoft.Automation/automationAccounts/', parameters('accountName'), '/runbooks/',variables('runbookName'))]"
            ]
          },
          {
            "name": "TenantID",
            "type": "variables",
            "apiVersion": "2015-10-31",
            "properties": {
              "value": "[concat('\"', parameters('tenantid'), '\"')]"
            },
            "dependsOn": [
              "[concat('Microsoft.Automation/automationAccounts/', parameters('accountName'))]",
              "[concat('Microsoft.Automation/automationAccounts/', parameters('accountName'), '/runbooks/',variables('runbookName'))]"
            ]
          },
          {
            "name": "CredentialName",
            "type": "variables",
            "apiVersion": "2015-10-31",
            "properties": {
              "value": "[concat('\"', parameters('credentialName'), '\"')]"
            },
            "dependsOn": [
              "[concat('Microsoft.Automation/automationAccounts/', parameters('accountName'))]",
              "[concat('Microsoft.Automation/automationAccounts/', parameters('accountName'), '/runbooks/',variables('runbookName'))]"
            ]
          },
          {
            "apiVersion": "2015-01-01",
            "name": "nestedTemplateConfiguration",
            "type": "Microsoft.Resources/deployments",
            "dependsOn": [
                "[concat('Microsoft.Automation/automationAccounts/', parameters('accountName'))]"
            ],
            "properties": {
                "mode": "incremental",
                "templateLink": {
                    "uri": "[concat(parameters('sauri'),'configtemplate.json',parameters('token'))]",
                    "contentVersion": "1.0"
                },
                "parameters": {
                    "accountName": {
                      "value": "[parameters('accountName')]"
                    },
                    "location": {
                          "value": "[resourcegroup().location]"
                    },
                    "configurationName": {
                        "value": "IISWebsite"
                    },
                    "configurationDescription": {
                        "value": "DSC2Desc"
                    },
                    "configurationURI": {
                        "value": "[concat(parameters('sauri'),'IISWebsite.ps1',parameters('token'))]"
                    }
                }
            }
          },
          
          {
            "name": "xNetworking",
            "type": "modules",
            "apiVersion": "2015-10-31",
            "location": "[resourceGroup().location]",
            "dependsOn": [
              "[concat('Microsoft.Automation/automationAccounts/', parameters('accountName'))]"
            ],
            "tags": {},
            "properties": {
              "contentLink": {
                "uri": "https://devopsgallerystorage.blob.core.windows.net/packages/xnetworking.5.7.0.nupkg"
              }
            }
          },
          {
            "name": "xWebAdministration",
            "type": "modules",
            "apiVersion": "2015-10-31",
            "location": "[resourceGroup().location]",
            "dependsOn": [
              "[concat('Microsoft.Automation/automationAccounts/', parameters('accountName'))]"
            ],
            "tags": {},
            "properties": {
              "contentLink": {
                "uri": "https://devopsgallerystorage.blob.core.windows.net:443/packages/xwebadministration.2.6.0.nupkg"
              }
            }
          }
        ]
      }
    ],
    "outputs": {
      "RegistrationUrl": {
        "type": "string",
        "value": "[reference(parameters('AccountName')).RegistrationUrl]"
      }
    }
}