{
    "$schema": "https://schema.management.azure.com/schemas/2015-01-01/deploymentTemplate.json#",
    "contentVersion": "1.0.0.0",
    "parameters": {
        "KBSConfig": {
            "type": "object"
        },
        "ACRConfig": {
            "type": "object"
        },
        "AppId": {
            "type": "string"
        },
        "AppIdSecret": {
            "type": "securestring"
        }
    },
    "variables": {
        "link": "https://iksabase.blob.core.windows.net/ik-cont-main/linked/"
    },
    "resources": [
        {
            "type": "Microsoft.Resources/deployments",
            "apiVersion": "2015-01-01",
            "name": "kbs_template",
            "properties": {
                "mode": "Incremental",
                "templateLink": {
                    "uri": "[concat(variables('link'), 'kbs_template.json')]",
                    "contentVersion": "1.0.0.0"
                },
                "parameters": {
                    "KBSConfig": {
                        "value": "[parameters('KBSConfig')]"
                    },
                    "AppId":{
                        "value": "[parameters('AppId')]"
                    },
                    "AppIdSecret":{
                        "value": "[parameters('AppIdSecret')]"
                    }
                }
            }
        },
        {
            "type": "Microsoft.Resources/deployments",
            "apiVersion": "2018-05-01",
            "name": "acr_template",
            "properties": {
                "mode": "Incremental",
              "templateLink": {                    
                    "uri": "[concat(variables('link'), 'acr_template.json')]",
                    "contentVersion": "1.0.0.0"
                },                
                "parameters": {
                    "ACRConfig": {
                        "value": "[parameters('ACRConfig')]"
                    }
                }
            }
        }
    ],
    "outputs": {
        "kbsName": {
            "type": "string",
            "value": "[reference('kbs_template').outputs.kbsName.value]"
        },        
        "acrName": {
            "type": "string",
            "value": "[reference('acr_template').outputs.acrName.value]"
        }
    }
}