{
    "$schema": "https://schema.management.azure.com/schemas/2015-01-01/deploymentParameters.json#",
    "contentVersion": "1.0.0.0",
    "parameters": {
        "KVConfig": {
            "value": {
                "SecretName": "azureuser",
                "ContributorId": "7a2ce12a-3dae-43b9-adbc-299dc5307552",
                "OwnerId": "550fa1d3-c8a0-4b0e-bb3a-8f3b1d74e707"
            }
        },
        "NetSAConfig": {
            "value": {
                "AdressPrefix": "10.0.0.0/16",
                "SubnetAdressPrefix": "10.0.0.0/24",
                "VnetDdosProtection": false,
                "publicIpAddressType": "dynamic",
                "publicIpAddressSku": "basic",
                "SAAccountType": "Standard_LRS",
                "SAkind": "StorageV2",
                "SAAccessTier": "hot",
                "SAHttpsTraffic": true
            }        
        },
        "VMConfig": {
            "value": {
                "virtualMachineSize": "Standard_D2s_v3",
                "DataDiskSize": "10"
            }
        },
        "BackupConfig": {
            "value": {
                "scheduleRunTimes": [ "2017-01-26T05:30:00Z" ],
                "timeZone": "UTC",
                "dailyRetentionDurationCount": 104,
                "daysOfTheWeek": [ "Sunday", "Tuesday", "Thursday" ],
                "weeklyRetentionDurationCount": 104,
                "monthlyRetentionDurationCount": 60,
                "monthsOfYear": [ "January", "March", "August" ],
                "yearlyRetentionDurationCount": 10,
                "instantRpRetentionRangeInDays": 2
            }
        }
    }
}