{
    "$schema": "https://schema.management.azure.com/schemas/2015-01-01/deploymentTemplate.json#",
    "contentVersion": "1.0.0.0",
    "parameters": {       
        "deployConfig": {
            "type": "object"
        }
    },
    "variables": {
        "acrName": "[parameters('deployConfig').acrName]"
    },
    "resources": [
        {
            "type": "Microsoft.ContainerRegistry/registries",
            "apiVersion": "2017-10-01",
            "name": "[variables('acrName')]",
            "location": "westeurope",
            "sku": {
                "name": "Standard",
                "tier": "Standard"
            },
            "properties": {
                "adminUserEnabled": false
            }
        }
    ],
    "outputs": {
        "acrName": {
          "type": "string",
          "value": "[variables('acrName')]"
        }
      }
}