{
    "$schema": "https://schema.management.azure.com/schemas/2015-01-01/deploymentTemplate.json#",
    "contentVersion": "1.0.0.0",
    "parameters": {
        "vnetConfig": {
            "type": "object"
        },
        "SecConfig": {
            "type": "object"
        },
        "SAConfig": {
            "type": "object"
        },
        "VMConfig" : {
            "type": "object"
        },
        "sastokenurl": {
            "type": "string"
        },
        "secretValue": {
            "type": "securestring"
        }
    },
    "variables": {
        "link": "https://iksabase.blob.core.windows.net/ik-cont-main/linked/"
    },
    "resources": [
        {
            "apiVersion": "2015-01-01",
            "name": "NetworkingTemplate",
            "type": "Microsoft.Resources/deployments",
            "properties": {
                "mode": "Incremental",
                "templateLink": {
                    "uri": "[concat(variables('link'), 'vnet_template.json', parameters('sastokenurl'))]",
                    "contentVersion": "1.0.0.0"
                },
                "parameters": {
                    "vnetConfig": {
                        "value": "[parameters('vnetConfig')]"
                    }
                }
            }
        },
        {
            "apiVersion": "2015-01-01",
            "name": "SALinkedTemplate",
            "type": "Microsoft.Resources/deployments",
            "properties": {
                "mode": "Incremental",
                "templateLink": {
                    "uri": "[concat(variables('link'), 'storage_acc_template.json', parameters('sastokenurl'))]",
                    "contentVersion": "1.0.0.0"
                },
                "parameters": {
                    "SAConfig": {
                        "value": "[parameters('SAConfig')]"
                    }
                }
            }
        },
        {
            "apiVersion": "2015-01-01",
            "name": "KeyVaultLinkedTemplate",
            "type": "Microsoft.Resources/deployments",
            "properties": {
                "mode": "Incremental",
                "templateLink": {
                    "uri": "[concat(variables('link'), 'KeyVault.json', parameters('sastokenurl'))]",
                    "contentVersion": "1.0.0.0"
                },
                "parameters": {
                    "SecConfig": {
                        "value": "[parameters('SecConfig')]"
                    },
                    "secretValue": {
                        "value": "[parameters('secretValue')]"
                    }
                }
            }
        },
        {
            "apiVersion": "2015-01-01",
            "name": "VirtMachineLinkedTemplate",
            "type": "Microsoft.Resources/deployments",
            "dependsOn": [
                "KeyVaultLinkedTemplate",
                "SALinkedTemplate",
                "NetworkingTemplate"
            ],
            "properties": {
                "mode": "Incremental",
                "templateLink": {
                    "uri": "[concat(variables('link'), 'Win2016_template.json', parameters('sastokenurl'))]",
                    "contentVersion": "1.0.0.0"
                },
                "parameters": {
                    "VMConfig": {
                        "value": "[parameters('VMConfig')]"
                    },
                    "nicName": {
                        "value": "[reference('NetworkingTemplate').outputs.nicName.value]"
                    },
                    "AdminPassword": {
                        "value": "[reference('KeyVaultLinkedTemplate').outputs.AdminPassword.value]"
                    },
                    "sastokenurl":{
                        "value": "[parameters('sastokenurl')]"
                    }
                }
            }
        }
    ]
}