{
    "$schema": "https://schema.management.azure.com/schemas/2015-01-01/deploymentParameters.json#",
    "contentVersion": "1.0.0.0",
    "parameters": {
        "vnetConfig": {
            "value": {
                "AdressPrefix": "10.0.0.0/16",
                "SubnetAdressPrefix": "10.0.10.0/24",
                "VnetDdosProtection": false,
                "publicIpAddressType": "dynamic",
                "publicIpAddressSku": "basic"
            }
        },
        "SecConfig" : {
            "value": {
                "ContributorId": "8b6f5ae2-d9c0-4d7a-a2c3-51fb55c07d27",
                "OwnerId": "550fa1d3-c8a0-4b0e-bb3a-8f3b1d74e707",
                "secretName": "VMDeploySecretName"
                }
        },
        "SAConfig": {
            "value": {
                "SAAccountType": "Standard_LRS",
                "SAkind": "StorageV2",
                "SAAccessTier": "hot",
                "SAHttpsTraffic": true
            }
        },
        "VMConfig": {
            "value": {
                "virtualmachinesize": "Standard_D2s_v3",
                "adminUsername": "azureuser",
                "configurationFunction": "dsc.ps1\\IKWebsite"
            }
        }
    }
}