{
    "$schema": "http://schema.management.azure.com/schemas/2015-01-01/deploymentTemplate.json#",
    "contentVersion": "1.0.0.0",
    "parameters": {
        "SAConfig": {
            "type": "object"
        }
    },
    "variables": {
        "StorageAccName": "[tolower(concat(resourceGroup().name, uniqueString(resourceGroup().id)))]"
    },
    "resources": [
        {
            "name": "[variables('StorageAccName')]",
            "type": "Microsoft.Storage/storageAccounts",
            "apiVersion": "2018-02-01",
            "location": "[resourceGroup().location]",
            "properties": {
                "accessTier": "[parameters('SAConfig').SAAccessTier]",
                "supportsHttpsTrafficOnly": "[parameters('SAConfig').SAHttpsTraffic]"
            },
            "dependsOn": [],
            "sku": {
                "name": "[parameters('SAConfig').SAAccountType]"
            },
            "kind": "[parameters('SAConfig').SAkind]"
        }
    ],
    "outputs": {
        "storageAccountName": {
            "type": "string",
            "value": "[variables('StorageAccName')]"
        }
    }
}