{
    "$schema": "http://schema.management.azure.com/schemas/2015-01-01/deploymentTemplate.json#",
    "contentVersion": "1.0.0.0",
    "parameters": {
        "nicName": {
            "type": "string"
        },
        "VMConfig": {
            "type": "object"
        },
        "adminPassword": {
            "type": "securestring"
        },
        "sastokenurl":{
            "type": "string"
        }
    },
    "variables": {
        "virtualMachineName": "[concat(resourceGroup().name, 'VM')]",
        "link": "https://iksabase.blob.core.windows.net/ik-cont-main/linked/"
    },
    "resources": [
        {
            "name": "[variables('virtualMachineName')]",
            "type": "Microsoft.Compute/virtualMachines",
            "apiVersion": "2018-04-01",
            "location": "[resourceGroup().location]",
            "properties": {
                "hardwareProfile": {
                    "vmSize": "[parameters('VMConfig').virtualMachineSize]"
                },
                "storageProfile": {
                    "osDisk": {
                        "createOption": "fromImage"
                    },
                    "imageReference": {
                        "publisher": "MicrosoftWindowsServer",
                        "offer": "WindowsServer",
                        "sku": "2016-Datacenter",
                        "version": "latest"
                    }
                },
                "networkProfile": {
                    "networkInterfaces": [
                        {
                            "id": "[resourceId('Microsoft.Network/networkInterfaces', parameters('nicName'))]"
                        }
                    ]
                },
                "osProfile": {
                    "computerName": "[variables('virtualMachineName')]",
                    "adminUsername": "[parameters('VMConfig').adminUsername]",
                    "adminPassword": "[parameters('adminPassword')]",
                    "windowsConfiguration": {
                        "enableAutomaticUpdates": true,
                        "provisionVmAgent": true
                    }
                }
            }
        },
        {
            "type": "Microsoft.Compute/virtualMachines/extensions",
            "name": "[concat(variables('virtualMachineName'),'/', 'dsciisrole')]",
            "apiVersion": "2015-06-15",
            "location": "[resourceGroup().location]",
            "dependsOn": [
                "[concat('Microsoft.Compute/virtualMachines/', variables('virtualMachineName'))]"
            ],
            "properties": {
                "publisher": "Microsoft.Powershell",
                "type": "DSC",
                "typeHandlerVersion": "2.77",
                "autoUpgradeMinorVersion": true,
                "settings": {
                    "configuration": {
                        "url": "[concat(variables('link'), 'dsc.ps1.zip', parameters('sastokenurl'))]",
                        "script": "dsc.ps1",
                        "function": "IKWebsite"
                    }
                },
                "protectedSettings": null
            }
        }
    ]
}