{
    "$schema": "https://schema.management.azure.com/schemas/2015-01-01/deploymentParameters.json#",
    "contentVersion": "1.0.0.0",
    "parameters": {
        "WAPPConfig" :{
            "value": {
                "workerSize": "0",
                "workerSizeId": "0",
                "numberOfWorkers": "2",
                "hostingEnvironment": "",
                "sku": "Standard",
                "skuCode": "S1",
                "seclocation": "westeurope",
                "linuxFxVersion": "php|7.0"
            }
        }
    }
}