{
    "$schema": "https://schema.management.azure.com/schemas/2015-01-01/deploymentTemplate.json#",
    "contentVersion": "1.0.0.0",
    "parameters": {
        "KBSConfig": {
            "type": "object"
        },
        "AppId": {
            "type": "string"
        },
        "AppIdSecret": {
            "type": "securestring"
        }
    },
    "variables": {
        "kbsName": "[concat('KBS', uniqueString(resourceGroup().name))]"
    },
    "resources": [
        {
            "apiVersion": "2018-03-31",
            "type": "Microsoft.ContainerService/managedClusters",
            "location": "[resourceGroup().location]",
            "name": "[variables('kbsName')]",
            "properties": {
                "kubernetesVersion": "1.13.5",
                "dnsPrefix": "[variables('kbsName')]",
                "agentPoolProfiles": [
                    {
                        "name": "[parameters('KBSConfig').name]",
                        "osDiskSizeGB": "[parameters('KBSConfig').osDiskSizeGB]",
                        "maxPods": "[parameters('KBSConfig').maxPods]",
                        "count": "[parameters('KBSConfig').agentCount]",
                        "vmSize": "[parameters('KBSConfig').agentVMSize]",
                        "osType": "[parameters('KBSConfig').osType]",
                        "storageProfile": "[parameters('KBSConfig').storageProfile]"
                    }
                ],
                "servicePrincipalProfile": {
                    "clientId": "[parameters('AppId')]",
                    "Secret": "[parameters('AppIdSecret')]"
                },
                "networkProfile": {
                    "networkPlugin": "[parameters('KBSConfig').networkPlugin]"
                },
                "addonProfiles": {
                    "httpApplicationRouting": {
                        "enabled": "[parameters('KBSConfig').httpApplicationRouting]"
                    }
                }
            }
        }
    ],
    "outputs": {
        "kbsName":{
            "type": "string",
            "value": "[variables('kbsName')]"
        }
    }
}