 {
    "$schema": "https://schema.management.azure.com/schemas/2015-01-01/deploymentParameters.json#",
    "contentVersion": "1.0.0.0",
    "parameters":{
        "VNetSettings":{
            "value":{
                "vnetName": "vnetw2subnets",
                "location": "westeurope",
                "addressPrefixes": [
                    {
                        "name": "firstPrefix",
                        "addressPrefix": "10.1.0.0/16"
                    }
                ],
                "subnets":[
                    {
                        "name": "FrontEnd",
                        "addressPrefix": "10.1.1.0/24"
                    },
                    {
                        "name": "Backend",
                        "addressPrefix": "10.1.2.0/24"
                    }
                ]
                
            }
        }
    }
 }