{
    "$schema": "https://schema.management.azure.com/schemas/2015-01-01/deploymentTemplate.json#",
    "contentVersion": "1.0.0.0",
    "parameters": {
        "vaultName": {
            "type": "string",
            "metadata": {
                "description": "Name of the Vault"
            }
        },
        "changeStorageType": {
            "type": "bool",
            "defaultValue": false,
            "metadata": {
                "description": "Change Vault Storage Type Selection (Works if vault has not registered any backup instance)"
            }
        },
        "vaultStorageType": {
            "type": "string",
            "defaultValue": "GloballyRedundant",
            "allowedValues": [
                "LocallyRedundant",
                "GloballyRedundant"
            ],
            "metadata": {
                "description": "Change Vault Storage Type (not allowed if the vault has registered backups)"
            }
        },
        "vmname": {
            "type": "string"
        }

    },
    "variables": {
        "skuName": "RS0",
        "skuTier": "Standard",
        "protectedItems": "[concat('vm;iaasvmcontainerv2;hw07;',parameters('vmname'))]",
        "protectionContainers": "[concat('IaasVMContainer;iaasvmcontainerv2;hw07;',parameters('vmname'))]",
        "sourceResourceIds": "/subscriptions/fcd98309-3385-4956-b095-bcfc1f3570ea/resourceGroups/hw07/providers/Microsoft.Compute/virtualMachines/hw07SimpleWinVM",
        "schedule": {
            "scheduleRunFrequency": "Daily",
            "scheduleRunDays": null,
            "scheduleRunTimes": [
                "2019-07-04T08:30:00.000Z"
            ],
            "schedulePolicyType": "SimpleSchedulePolicy"
        },
        "retention": {
            "dailySchedule": {
                "retentionTimes": [
                    "2019-07-04T08:30:00.000Z"
                ],
                "retentionDuration": {
                    "count": 90,
                    "durationType": "Days"
                }
            },
            "weeklySchedule": {
                "daysOfTheWeek": [
                    "Sunday"
                ],
                "retentionTimes": [
                    "2019-07-04T08:30:00.000Z"
                ],
                "retentionDuration": {
                    "count": 12,
                    "durationType": "Weeks"
                }
            },
            "monthlySchedule": {
                "retentionScheduleFormatType": "Weekly",
                "retentionScheduleDaily": null,
                "retentionScheduleWeekly": {
                    "daysOfTheWeek": [
                        "Sunday"
                    ],
                    "weeksOfTheMonth": [
                        "First"
                    ]
                },
                "retentionTimes": [
                    "2019-07-04T08:30:00.000Z"
                ],
                "retentionDuration": {
                    "count": 60,
                    "durationType": "Months"
                }
            },
            "yearlySchedule": {
                "retentionScheduleFormatType": "Weekly",
                "monthsOfYear": [
                    "January"
                ],
                "retentionScheduleDaily": null,
                "retentionScheduleWeekly": {
                    "daysOfTheWeek": [
                        "Sunday"
                    ],
                    "weeksOfTheMonth": [
                        "First"
                    ]
                },
                "retentionTimes": [
                    "2019-07-04T08:30:00.000Z"
                ],
                "retentionDuration": {
                    "count": 10,
                    "durationType": "Years"
                }
            },
            "retentionPolicyType": "LongTermRetentionPolicy"
        }
    },
    "resources": [
        {
            "type": "Microsoft.RecoveryServices/vaults",
            "apiVersion": "2018-01-10",
            "name": "[parameters('vaultName')]",
            "location": "[resourceGroup().location]",
            "sku": {
                "name": "[variables('skuName')]",
                "tier": "[variables('skuTier')]"
            },
            "properties": {}
        },
        {
            "condition": "[parameters('changeStorageType')]",
            "type": "Microsoft.RecoveryServices/vaults/backupstorageconfig",
            "name": "[concat(parameters('vaultName'), '/vaultstorageconfig')]",
            "apiVersion": "2018-01-10",
            "dependsOn": [
                "[resourceId('Microsoft.RecoveryServices/vaults/', parameters('vaultName'))]"
            ],
            "properties": {
                "StorageModelType":"[parameters('vaultStorageType')]"
            }
        },
        {
            "type": "Microsoft.RecoveryServices/vaults/backupPolicies",
            "apiVersion": "2016-06-01",
            "name": "[concat(parameters('vaultName'), '/', 'CustomVMArchPolicy')]",
            "properties": {
                "backupManagementType": "AzureIaasVM",
                "schedulePolicy": "[variables('schedule')]",
                "retentionPolicy": "[variables('retention')]",
                "timeZone": "UTC",
                "instantRpRetentionRangeInDays": "2"
            },
            "dependsOn": [
                "[resourceId('Microsoft.RecoveryServices/vaults/', parameters('vaultName'))]"
            ]
        },
        {
            "type": "Microsoft.RecoveryServices/vaults/backupFabrics/protectionContainers/protectedItems",
            "apiVersion": "2016-06-01",
            "name": "[concat(parameters('vaultName'), '/', 'Azure', '/',variables('protectionContainers'), '/', variables('protectedItems'))]",
            "dependsOn": [
                "[concat('Microsoft.RecoveryServices/vaults', '/', parameters('vaultName'), '/backupPolicies/', 'CustomVMArchPolicy')]"
            ],
            "properties": {
                "protectedItemType": "Microsoft.ClassicCompute/virtualMachines",
                "policyId": "[resourceId('Microsoft.RecoveryServices/vaults/backupPolicies', parameters('vaultName'), 'CustomVMArchPolicy')]",
                "sourceResourceId": "[variables('sourceResourceIds')]"
            }
        }
    ]
  }