{
    "$schema": "https://schema.management.azure.com/schemas/2015-01-01/deploymentTemplate.json#",
    "contentVersion": "1.0.0.1",
    "parameters": {
      "VNetSettings": {
        "type": "object"
      },
      "adminUsername": {
        "type": "string",
        "metadata": {
          "description": "Username for the Virtual Machine."
        }
      },
      "adminPassword": {
        "type": "securestring",
        "metadata": {
          "description": "Password for the Virtual Machine."
        }
      },
      "dnsLabelPrefix": {
        "type": "string",
        "metadata": {
          "description": "Unique DNS Name for the Public IP used to access the Virtual Machine."
        }
      },
      "windowsOSVersion": {
        "type": "string",
        "defaultValue": "2016-Datacenter",
        "allowedValues": [
          "2008-R2-SP1",
          "2012-Datacenter",
          "2012-R2-Datacenter",
          "2016-Nano-Server",
          "2016-Datacenter-with-Containers",
          "2016-Datacenter",
          "2019-Datacenter"
        ],
        "metadata": {
          "description": "The Windows version for the VM. This will pick a fully patched image of this given Windows version."
        }
      },
      "location": {
        "type": "string",
        "defaultValue": "[resourceGroup().location]",
        "metadata": {
          "description": "Location for all resources."
        }
      }
    },
    "variables": {
      "storageAccountName": "yetanotherstorageacct",
      "nicName": "[concat(variables('vmName'), 'myVMNic')]",
      "addressPrefix": "[parameters('VNetSettings').addressPrefixes[0].addressPrefix]",
      "subnetName": "[parameters('VNetSettings').subnets[0].name]",
      "subnetPrefix": "[parameters('VNetSettings').subnets[0].addressPrefix]",
      "publicIPAddressName": "[concat(variables('vmName'), 'myPublicIP')]",
      "vmName": "[concat(resourceGroup().Name,'SimpleWinVM')]",
      "virtualNetworkName": "[parameters('VNetSettings').vnetName]",
      "subnetRef": "[resourceId('Microsoft.Network/virtualNetworks/subnets', variables('virtualNetworkName'), variables('subnetName'))]"
    },
    "resources": [
      {
        "type": "Microsoft.Storage/storageAccounts",
        "apiVersion": "2018-11-01",
        "name": "[variables('storageAccountName')]",
        "location": "[parameters('location')]",
        "sku": {
          "name": "Standard_LRS"
        },
        "kind": "Storage",
        "properties": {}
      },
      {
        "type": "Microsoft.Network/publicIPAddresses",
        "apiVersion": "2018-11-01",
        "name": "[variables('publicIPAddressName')]",
        "location": "[parameters('location')]",
        "properties": {
          "publicIPAllocationMethod": "Dynamic",
          "dnsSettings": {
            "domainNameLabel": "[parameters('dnsLabelPrefix')]"
          }
        }
      },
      {
        "type": "Microsoft.Network/virtualNetworks",
        "apiVersion": "2018-11-01",
        "name": "[variables('virtualNetworkName')]",
        "location": "[parameters('location')]",
        "properties": {
          "addressSpace": {
            "addressPrefixes": [
              "[variables('addressPrefix')]"
            ]
          },
          "subnets": [
            {
              "name": "[variables('subnetName')]",
              "properties": {
                "addressPrefix": "[variables('subnetPrefix')]"
              }
            }
          ]
        }
      },
      {
        "type": "Microsoft.Network/networkInterfaces",
        "apiVersion": "2018-11-01",
        "name": "[variables('nicName')]",
        "location": "[parameters('location')]",
        "dependsOn": [
          "[resourceId('Microsoft.Network/publicIPAddresses/', variables('publicIPAddressName'))]",
          "[resourceId('Microsoft.Network/virtualNetworks/', variables('virtualNetworkName'))]"
        ],
        "properties": {
          "ipConfigurations": [
            {
              "name": "ipconfig1",
              "properties": {
                "privateIPAllocationMethod": "Dynamic",
                "publicIPAddress": {
                  "id": "[resourceId('Microsoft.Network/publicIPAddresses',variables('publicIPAddressName'))]"
                },
                "subnet": {
                  "id": "[variables('subnetRef')]"
                }
              }
            }
          ]
        }
      },
      {
        "apiVersion": "2015-05-01-preview",
        "type": "Microsoft.Network/networkSecurityGroups",
        "name": "NSG8080",
        "location": "[parameters('location')]",
        "properties": {
          "securityRules": [
            {
              "name": "Allow_NSG_8080",
              "properties": {
                "description": "Allow 8080 from outside",
                "protocol": "Tcp",
                "sourcePortRange": "*",
                "destinationPortRange": "8080",
                "sourceAddressPrefix": "*",
                "destinationAddressPrefix": "*",
                "access": "Allow",
                "priority": 100,
                "direction": "Inbound"
              }
            }
          ]
        }
      },
      {
        "type": "Microsoft.Compute/virtualMachines",
        "apiVersion": "2018-10-01",
        "name": "[variables('vmName')]",
        "location": "[parameters('location')]",
        "dependsOn": [
          "[resourceId('Microsoft.Storage/storageAccounts/', variables('storageAccountName'))]",
          "[resourceId('Microsoft.Network/networkInterfaces/', variables('nicName'))]"
        ],
        "properties": {
          "hardwareProfile": {
            "vmSize": "Standard_A2"
          },
          "osProfile": {
            "computerName": "[variables('vmName')]",
            "adminUsername": "[parameters('adminUsername')]",
            "adminPassword": "[parameters('adminPassword')]"
          },
          "storageProfile": {
            "imageReference": {
              "publisher": "MicrosoftWindowsServer",
              "offer": "WindowsServer",
              "sku": "[parameters('windowsOSVersion')]",
              "version": "latest"
            },
            "osDisk": {
              "createOption": "FromImage"
            },
            "dataDisks": [
              {
                "diskSizeGB": 1023,
                "lun": 0,
                "createOption": "Empty"
              }
            ]
          },
          "networkProfile": {
            "networkInterfaces": [
              {
                "id": "[resourceId('Microsoft.Network/networkInterfaces',variables('nicName'))]"
              }
            ]
          },
          "diagnosticsProfile": {
            "bootDiagnostics": {
              "enabled": true,
              "storageUri": "[reference(resourceId('Microsoft.Storage/storageAccounts/', variables('storageAccountName'))).primaryEndpoints.blob]"
            }
          }
        }
      }
    ],
    "outputs": {
      "hostname": {
        "type": "string",
        "value": "[reference(variables('publicIPAddressName')).dnsSettings.fqdn]"
      },
      "saname": {
        "type": "string",
        "value": "[variables('storageAccountName')]"
      },
      "vmname": {
        "type": "string",
        "value": "[variables('vmName')]"
      }
    }
  }